DO $$
BEGIN

    IF NOT EXISTS (SELECT 1 FROM "Leaderboard" LIMIT 1) THEN
        INSERT INTO "Leaderboard"
            (id,  name, "createdAt", "deletedAt")
        VALUES 
            ('8fc363b2-b5be-4f1a-9e0e-ea4844fc919c', 'Expired leaderboard', NOW() - INTERVAL '10 minutes', NOW() - INTERVAL '5 minutes'),
            ('39bc2def-669f-4383-8ea3-7202efd613f2', 'Not expired leaderboard', NOW(), NULL);
    END IF;

    IF NOT EXISTS (SELECT 1 FROM "User" LIMIT 1) THEN
        INSERT INTO "User"
            (id, "discordId", "discordName", "leetcodeUsername", "nickname")
        VALUES 
            ('e0b45c9a-9c8f-4a39-9373-39cf2a5f8055', '123456789012345678', 'stormyshadow', 'john_doe', 'Michael'),
            ('ed3bfe18-e42a-467f-b4fa-07e8da4d2555', '987654321098765432', 'bluebeard', 'mike_smith', 'Sarah'),
            ('0c9b2e77-74cc-4b9e-b7f9-cfe0fd05e50b', '123456789012345679', 'greenpirate', NULL, NULL),
            ('1b9d88d8-5c6e-4c6b-9241-d02f6d57c26b', '234567890123456780', 'luciferonfire', 'alice_williams', NULL),
            ('53f8ffb0-d056-4670-8d90-b74b0fd7bb0f', '345678901234567891', 'ragingdemon', NULL, 'Emma'),
            ('7a2d74bb-daf8-48c3-bd11-53e9643b0b85', '567890123456789012', 'silentknight', 'will_harris', NULL),
            ('eea431f3-6398-4d98-b29b-9612b3b4208d', '678901234567890123', 'dreamweaver99', 'susan_clark', NULL),
            ('0801e510-f72c-450a-b6c7-5bdb0a92c9e5', '789012345678901234', 'sneakymaster', 'jane_doe', 'David'),
            ('dc31ba28-f1f8-4b8a-97b1-fb00cb46b84b', '890123456789012345', 'puzzlegenius', NULL, 'Lily'),
            ('d9d01d3b-bf79-4ed7-8efb-e631f8c102b7', '901234567890123456', 'shiningstar', 'michael_brown', 'Lucas'),
            ('f10fe0fe-f8be-46ab-9614-e2e42f99b798', '012345678901234567', 'icyblue', NULL, NULL),
            ('9e9a7310-cb90-4c62-8f7c-1d2d8f7d3c93', '345678901234567892', 'ironman42', 'kristin_jones', 'Sophia'),
            ('c3f8b40a-bff3-4d1c-b36e-d09f58f12e3d', '234567890123456783', 'fieryphoenix', 'matthew_james', 'Oliver'),
            ('75d658dd-029f-43d4-8b30-b3812a2bff9f', '123456789012345680', 'lightningstriker', NULL, 'Emily'),
            ('b9453a71-c3a0-48eb-89b7-b23e317b1b8f', '678901234567890124', 'darksword77', 'willow_lee', 'Jackson'),
            ('60a87032-b09f-4e63-8a42-df2a02cc1e6b', '890123456789012346', 'secretassassin', NULL, 'Mason'),
            ('ecf14960-b463-4737-bd9c-c87d394fc0e7', '123456789012345681', 'royaltiger', 'kate_white', 'Zoe'),
            ('14e9c58d-c1ac-4791-bb63-0197e340cbf7', '234567890123456785', 'stormshadow', NULL, 'Ethan'),
            ('bbb1d9de-4c0e-40bb-8b5b-6a53d9392787', '567890123456789013', 'phoenixlight', 'mark_sanders', 'Chloe'),
            ('3d17a7b0-7f71-49e3-bd88-3b5ffbe22a8f', '678901234567890125', 'serpentking', NULL, 'Abigail'),
            ('9f3b9111-ea9e-4a10-8a09-bf0636bc2184', '789012345678901235', 'frosthunter01', 'simon_garcia', NULL),
            ('c8b3a86b-faff-4280-9125-925ef1111d69', '012345678901234568', 'goldenhawk', NULL, 'Ava'),
            ('f2cc9446-c29b-46c9-bbe7-cb51d1f722fc', '890123456789012347', 'quickblaze', 'lucy_brown', 'Benjamin'),
            ('07c1f541-c707-4850-9b32-d06d348b1e1b', '234567890123456786', 'shadowcreeper', NULL, NULL),
            ('ea028fe2-76ad-49b2-85ae-1eab7cc9e090', '567890123456789014', 'ironfistx', 'olivia_white', 'Charlotte'),
            ('f1c90729-2394-47d4-98b6-b3d5738edec2', '789012345678901236', 'hunterdream', 'liam_garcia', NULL),
            ('659d3d21-c38d-4d36-bb5c-dfc64c2d5fe4', '012345678901234569', 'mysticninja', 'emily_jones', 'Jackson'),
            ('61de2cf9-e04d-4a28-a7a5-497072a5b4ac', '123456789012345682', 'skywalker93', NULL, 'Matthew'),
            ('8cc4a72b-7626-4872-9799-d9e5db30d6f3', '234567890123456787', 'shadowhunterx', NULL, 'Isabella'),
            ('59317d3b-5b6a-41ff-b4d8-18cb83f0a957', '567890123456789015', 'thunderstrike', 'victor_martin', 'Ella'),
            ('6a482084-b38d-47cc-a013-c0f51d0f65a1', '890123456789012348', 'grimreaper007', NULL, NULL),
            ('b6f58d0d-b2b4-40c1-81a9-bb8f8884f35d', '123456789012345683', 'wildwarriorx', NULL, 'Liam'),
            ('913c746d-b56d-4e1c-84f7-4508f8ed9933', '234567890123456788', 'nightshade11', 'olga_hernandez', NULL),
            ('2b217c1b-30ae-47e3-bf1b-8d7f925607e9', '678901234567890126', 'galacticprince', NULL, 'Grace'),
            ('a5c6b254-2b0e-4a7f-b490-826351e531c9', '890123456789012349', 'noblewarrior', 'jackson_white', 'Mia'),
            ('fbc4e8b5-bec9-46e9-9db9-ec8d35e8838e', '012345678901234570', 'braveheart23', NULL, 'Lucas'),
            ('4c5b86a3-4108-4d92-91a6-bad8bc96b376', '123456789012345684', 'frostfirex', 'sofia_garcia', NULL),
            ('39412388-3b4d-47db-97b2-8ec826f34b50', '234567890123456789', 'darkvortex', 'victor_johnson', NULL),
            ('d8f6ecf0-cb98-43d6-bb87-8d0d9b709f50', '567890123456789016', 'lightbringer88', NULL, 'Elijah'),
            ('e8c65f44-3839-45ed-a032-7221cb8d14fe', '678901234567890127', 'echohunter', 'lucas_brown', 'Zoe'),
            ('af6b8f7c-0f70-4787-94b9-7d52b7f64a60', '890123456789012350', 'tigerclaw99', 'maggie_lee', NULL),
            ('51592f3b-f26b-4ff1-bd0f-4e579b5a9882', '012345678901234571', 'lightningstorm', 'anna_martin', 'Nathan'),
            ('c4a90a22-d6ae-48e5-9334-c83fc0537fd3', '123456789012345685', 'starcatcher', NULL, 'Victoria'),
            ('1b843041-f67e-4239-8256-b5d94f6e5b4c', '234567890123456790', 'thundercloud', 'michael_jones', 'Mila'),
            ('a220459b-60db-4788-912f-4a66b022b75c', '567890123456789017', 'darkflame99', NULL, 'James'),
            ('212d3a17-d47d-4729-9225-2ef20733c524', '678901234567890128', 'dragonwhisper', NULL, NULL),
            ('1cf0f9fc-42d9-42f2-8d97-6d06a88e63f5', '890123456789012351', 'shadowfury', 'sarah_moore', 'Emily'),
            ('572d7578-8978-47cc-95d7-bc5a82412175', '012345678901234572', 'purplemoonx', NULL, 'Isla'),
            ('3f726b0b-d07f-49b1-9e0e-0efcd22a9d79', '123456789012345686', 'yellowlightning', 'nancy_davis', 'Ella'),
            ('0eebc720-4a83-4e2e-8d8d-0a0f6e58a8e2', '234567890123456791', 'wildstormx', 'luke_rodgers', 'Levi'),
            ('b7f5ed6e-3c93-4c1a-8032-1655b3a818f5', '567890123456789018', 'bluehawk123', NULL, NULL),
            ('8da163c3-4fdf-4d51-a083-e380e68b574d', '890123456789012352', 'nightshadowx', 'lucas_smith', 'Owen'),
            ('9ed1107e-d558-4427-9b2c-b2ec6b06ad5e', '012345678901234573', 'blackstone99', NULL, 'Luna'),
            ('f4b72ac5-0d7d-45c5-b503-d1a7a3a25e12', '123456789012345687', 'magmaflame', 'madison_king', 'Jack'),
            ('68f7efac-1d5e-4725-84b5-c7e5b320b3c7', '234567890123456792', 'lightbringerx', NULL, 'Benjamin'),
            ('2bc83b24-d98c-4290-b4ea-9dbd9b1f509f', '567890123456789019', 'frostbite44', 'lily_johnson', 'Henry'),
            ('db358110-3382-45c0-92a0-4ab3db3f39fe', '890123456789012353', 'stormblaze', NULL, 'Mason'),
            ('b6c60da5-f61f-49c1-8b3c-41034e08a730', '012345678901234574', 'shadowlight22', NULL, NULL),
            ('96c6fa72-e5c2-433d-9d95-c21a9207f312', '123456789012345688', 'dragonbloodx', 'oliver_walker', NULL),
            ('75dca5db-19bb-4f99-a561-3f3e3a56e0b6', '012345678901234575', 'stormrider88', 'david_lee', NULL),
            ('a0ec2b98-71d0-4d8a-9222-c226e2a9a3e7', '123456789012345689', 'nightfallx', 'joshua_miller', 'Aiden'),
            ('e3d4ac8e-61d9-49a4-b016-63ed2ef6230c', '234567890123456793', 'bluelightning22', NULL, 'Charlotte'),
            ('8a8c0387-d626-43bb-88cb-69c8ff5fc8f0', '567890123456789020', 'wildfire01', 'anna_smith', 'Matthew'),
            ('3ccfc689-d0a4-41fb-93e2-10e1aaf74b9d', '890123456789012354', 'silentshadowx', NULL, 'Zoe'),
            ('43202bba-682b-4bb4-b426-f334d59fc506', '012345678901234576', 'dreamhunter77', 'emily_clark', NULL),
            ('1d5c32bb-7173-45ca-b953-36c9fd77b0c4', '123456789012345690', 'ironcladwarrior', 'charlotte_moore', 'Lily'),
            ('2f91e432-5ca1-4e28-b3b1-510e8a7050e6', '234567890123456794', 'bluewhisperx', NULL, 'Elijah'),
            ('fc8b5ec3-f1ac-44f6-a370-c6d0532096a9', '567890123456789021', 'silentstrike01', 'noah_jackson', 'Amelia'),
            ('b80a8c4c-87ed-40f3-9d6b-982ab6d9b8cf', '890123456789012355', 'stormrage88', NULL, 'Luna'),
            ('95345f68-2b57-4f8d-9f9e-f8c6c8b2c944', '012345678901234577', 'firestormx', 'lily_james', 'Jack'),
            ('3243659c-dab7-46d3-9d75-9075d4ef85a6', '123456789012345691', 'nightmarex', NULL, 'Grace'),
            ('8e1c32cc-6a8e-463f-88d6-5b5193b6343c', '234567890123456795', 'shadowcasterx', 'lucas_king', 'Chloe'),
            ('4d7070f1-b928-4934-9260-d9a1b9f8556b', '567890123456789022', 'icefire01', 'liam_martin', 'Sophia'),
            ('ba5c20bb-7868-4938-8ca5-0d12694dbb52', '890123456789012356', 'lightningx', 'george_taylor', NULL),
            ('581c0047-974d-4716-96d2-c981be1467db', '012345678901234578', 'thunderstrike88', 'victoria_lee', 'Isabella'),
            ('cb3f6b06-524f-471f-b5b7-68b2fd3fd9cc', '123456789012345692', 'blackoutx', NULL, 'Benjamin'),
            ('9c21deef-6d84-484f-b09f-68e44a64c9b9', '234567890123456796', 'darkwolfx', 'olga_garcia', 'Alexander'),
            ('2f23fc63-6166-4a29-8581-e5b7ef6a9029', '567890123456789023', 'sunscorchedx', NULL, 'Olivia'),
            ('a0c65329-8d80-4882-9f1e-9c8042770931', '890123456789012357', 'brightstormx', 'ryan_clark', 'Ella'),
            ('3db72a8f-b0e7-438a-9d36-c78d84d522ec', '012345678901234579', 'cloudreaverx', NULL, 'Lucas'),
            ('684cf20e-145a-4906-b4b5-6a699b87f7cc', '123456789012345693', 'frostwindx', NULL, 'Nora'),
            ('402604c1-7b2e-4b4b-84f3-0f3ff8c3be0e', '234567890123456797', 'blacksunx', 'henry_evans', 'Mia'),
            ('0295c9b9-f9e3-485f-9136-35be89ea3f6a', '567890123456789024', 'whiteshadowx', 'james_smith', NULL),
            ('e8f3ad6d-68db-4e4c-bb12-45fe8852cfd4', '890123456789012358', 'frostfallx', NULL, 'Ava'),
            ('d970cc3f-3a21-431d-bd3e-91c270d4a3f2', '012345678901234580', 'darkphoenixx', 'jasmine_lee', 'Lily'),
            ('742d5c7d-4fe2-44c7-b36a-0f5a6e2efb79', '123456789012345694', 'ghosthunterx', NULL, 'Ethan'),
            ('5a953746-f635-4f72-98ed-ffcd5763225f', '234567890123456798', 'starfire88', 'lucas_brown_2', 'Sophia'),
            ('b14e0204-7844-4b5a-9835-0fc47e81daae', '567890123456789025', 'darkflamex', NULL, 'Lucas'),
            ('48ff67e1-9277-4a0e-9390-e16fd4c07c69', '890123456789012359', 'lightkeeperx', 'olga_wilson', 'David'),
            ('6f6247e9-e7a7-4d2f-85a2-cbd58d57c3b9', '012345678901234581', 'mysticninjax', 'susan_garcia', 'Charlotte'),
            ('347e2126-e0a7-421a-909f-8ae55f8120bc', '123456789012345695', 'frostblaze01', NULL, 'Ethan'),
            ('61e2d708-b2be-4f7f-b0cf-717afccf8b5e', '234567890123456799', 'thundershockx', 'noah_white', NULL),
            ('11b4f387-d139-4be6-a7d0-2d72c7f58b75', '567890123456789026', 'swordfuryx', 'sarah_jackson', 'Amelia'),
            ('e53b35b8-9ea9-4339-a8b4-d94b40b33819', '890123456789012360', 'wildflamex', 'lily_taylor', NULL),
            ('a2a2fc96-9252-4cc7-bb65-f5c7b99792b9', '012345678901234582', 'silverlightx', NULL, 'Mason'),
            ('2f319509-e924-464b-83a9-dc1d4c8551bc', '123456789012345696', 'moonshadowx', NULL, 'Luna'),
            ('fbc395b5-d9e3-4b8d-9b7c-b1a3cb110d98', '234567890123456800', 'windriderx', 'lucas_white', 'Jack'),
            ('c03f6c6e-5d9a-42cc-aabb-f541ef7102ed', '567890123456789027', 'brightstormx', NULL, 'Isabella'),
            ('9487e6f5-5f59-47c0-b20d-cd9fe68f37d4', '890123456789012361', 'sundancerx', 'olga_smith', NULL),
            ('b307ffb5-52bb-4729-a948-75589bb2632c', '012345678901234583', 'nightfallstormx', 'james_evans', 'David'),
            ('34e9eabf-ecb2-4621-b83e-0fd9d8b5e2c1', '123456789012345697', 'stormblaze01', NULL, 'Olivia'),
            ('f10d8a32-567d-4177-a855-3b5a8c9e0f65', '234567890123456801', 'blazinginferno', 'lucas_martin', 'Ella'),
            ('b3d4e02b-b36f-4714-ae28-204c21cfdb94', '567890123456789028', 'ironclawx', 'emily_wilson', 'Sophia'),
            ('1d1c3c92-cd08-4b92-80b2-bcb0b34d71ea', '890123456789012362', 'frostshadowx', NULL, 'Ava'),
            ('72f18b32-9825-4522-bb39-54873b68199f', '012345678901234584', 'stormbladerx', 'john_lee', NULL);
    END IF;

    IF NOT EXISTS (SELECT 1 FROM "UserTag" LIMIT 1) THEN
        INSERT INTO "UserTag"
            (id, "createdAt", "userId", tag)
        VALUES
            ('e55998f5-11d4-4f9a-bba2-2c0a285019eb', NOW() - INTERVAL '7 minutes', 'e0b45c9a-9c8f-4a39-9373-39cf2a5f8055', 'Patina'),
            ('fa34e8ac-ff8c-4417-b945-0916b2edb885', NOW() - INTERVAL '7 minutes', 'ed3bfe18-e42a-467f-b4fa-07e8da4d2555', 'Patina'),
            ('a6b0352f-b7c0-456f-b517-45742b417fe9', NOW() - INTERVAL '7 minutes', '53f8ffb0-d056-4670-8d90-b74b0fd7bb0f', 'Patina'),
            ('fbc3e79a-0e1f-47a0-91a3-e31d2b7f50c1', NOW() - INTERVAL '7 minutes', '0801e510-f72c-450a-b6c7-5bdb0a92c9e5', 'Patina'),
            ('ee7e6de0-8dff-474b-9c4b-e40cd6e0d9cc', NOW() - INTERVAL '7 minutes', 'dc31ba28-f1f8-4b8a-97b1-fb00cb46b84b', 'Patina'),
            ('52f5d94b-2114-4964-b85e-c8a9db05d975', NOW() - INTERVAL '7 minutes', 'd9d01d3b-bf79-4ed7-8efb-e631f8c102b7', 'Patina'),
            ('1f40a045-8e3d-462d-b86f-d49cf8d7fc72', NOW() - INTERVAL '7 minutes', '9e9a7310-cb90-4c62-8f7c-1d2d8f7d3c93', 'Patina'),
            ('905d61f3-20d9-44ae-b96e-c416d4b8775a', NOW() - INTERVAL '7 minutes', 'c3f8b40a-bff3-4d1c-b36e-d09f58f12e3d', 'Patina'),
            ('a45d3d3c-f0ed-474e-8b3e-18da0f1315ea', NOW() - INTERVAL '7 minutes', '75d658dd-029f-43d4-8b30-b3812a2bff9f', 'Patina'),
            ('233d69f8-c415-45e6-b8e5-1bba29e51e0f', NOW() - INTERVAL '7 minutes', 'b9453a71-c3a0-48eb-89b7-b23e317b1b8f', 'Patina'),
            ('dab24c7e-c130-4fc5-93b1-e1059d6e2216', NOW() - INTERVAL '7 minutes', '60a87032-b09f-4e63-8a42-df2a02cc1e6b', 'Patina'),
            ('688c0737-b9fa-4f8e-9a26-5c2d25399f99', NOW() - INTERVAL '7 minutes', 'ecf14960-b463-4737-bd9c-c87d394fc0e7', 'Patina'),
            ('b105d957-ea83-4975-a78a-3a1f8779cbd5', NOW() - INTERVAL '7 minutes', '14e9c58d-c1ac-4791-bb63-0197e340cbf7', 'Patina'),
            ('5d3e9e64-2bdb-4905-9c74-3fa378fe30d2', NOW() - INTERVAL '7 minutes', 'bbb1d9de-4c0e-40bb-8b5b-6a53d9392787', 'Patina'),
            ('314a2c63-10ef-4f17-a62e-c8d745839af2', NOW() - INTERVAL '7 minutes', '3d17a7b0-7f71-49e3-bd88-3b5ffbe22a8f', 'Patina'),
            ('34621585-1e62-42e9-82b0-cf6c719871b5', NOW() - INTERVAL '7 minutes', 'c8b3a86b-faff-4280-9125-925ef1111d69', 'Patina'),
            ('cd87cae7-f9a5-4a26-bf1d-028314cb8b1f', NOW() - INTERVAL '7 minutes', 'f2cc9446-c29b-46c9-bbe7-cb51d1f722fc', 'Patina'),
            ('f9272ab1-6e5c-4e4c-80da-f1a8e6708b1d', NOW() - INTERVAL '7 minutes', 'ea028fe2-76ad-49b2-85ae-1eab7cc9e090', 'Patina'),
            ('846e8c84-b8a2-41e5-bb86-8eb71a0507ac', NOW() - INTERVAL '7 minutes', '659d3d21-c38d-4d36-bb5c-dfc64c2d5fe4', 'Patina'),
            ('350e9375-462f-45fe-a2f7-3ad3ecf9e61f', NOW() - INTERVAL '7 minutes', '61de2cf9-e04d-4a28-a7a5-497072a5b4ac', 'Patina'),
            ('c5fc27c5-bab5-423e-88ae-38f708fc3d69', NOW() - INTERVAL '7 minutes', '8cc4a72b-7626-4872-9799-d9e5db30d6f3', 'Patina'),
            ('01da40be-b0c5-484b-a508-b1b3f4b8fa43', NOW() - INTERVAL '7 minutes', '59317d3b-5b6a-41ff-b4d8-18cb83f0a957', 'Patina'),
            ('5c6d7a34-56e4-467a-b063-5ba56bdfdf78', NOW() - INTERVAL '7 minutes', 'b6f58d0d-b2b4-40c1-81a9-bb8f8884f35d', 'Patina'),
            ('a03fe8a9-8a0f-47b5-b5b9-b1db60499b68', NOW() - INTERVAL '7 minutes', '2b217c1b-30ae-47e3-bf1b-8d7f925607e9', 'Patina'),
            ('14989b31-bd0a-459d-b1da-d1559a9c27b1', NOW() - INTERVAL '7 minutes', 'a5c6b254-2b0e-4a7f-b490-826351e531c9', 'Patina'),
            ('55e6c1a2-618d-4688-a5a1-2b5f1f24364c', NOW() - INTERVAL '7 minutes', 'fbc4e8b5-bec9-46e9-9db9-ec8d35e8838e', 'Patina'),
            ('7f1f142b-50ac-4026-9bc6-01a58c789035', NOW() - INTERVAL '7 minutes', 'd8f6ecf0-cb98-43d6-bb87-8d0d9b709f50', 'Patina'),
            ('31922cc0-0433-4b90-84ab-5f13d59e1b16', NOW() - INTERVAL '7 minutes', 'e8c65f44-3839-45ed-a032-7221cb8d14fe', 'Patina'),
            ('52ff16bb-7c87-460a-bd38-e5770f5b9118', NOW() - INTERVAL '7 minutes', '51592f3b-f26b-4ff1-bd0f-4e579b5a9882', 'Patina'),
            ('8b6b29d3-79a9-46e9-b763-b941b195e04d', NOW() - INTERVAL '7 minutes', 'c4a90a22-d6ae-48e5-9334-c83fc0537fd3', 'Patina'),
            ('a5d18ffb-bf78-42e5-b36d-e6b05460a12c', NOW() - INTERVAL '7 minutes', '1b843041-f67e-4239-8256-b5d94f6e5b4c', 'Patina'),
            ('b8f9f8ad-0786-49a1-a2be-dae5b10b5394', NOW() - INTERVAL '7 minutes', 'a220459b-60db-4788-912f-4a66b022b75c', 'Patina'),
            ('96e479a5-e49c-46ca-96ea-84b41cb84bbd', NOW() - INTERVAL '7 minutes', '1cf0f9fc-42d9-42f2-8d97-6d06a88e63f5', 'Patina'),
            ('acaa2125-cba7-479a-b61e-e3d77be270c3', NOW() - INTERVAL '7 minutes', '572d7578-8978-47cc-95d7-bc5a82412175', 'Patina'),
            ('c9e6a7c7-0ec6-4777-bb9d-0b4ffab4f626', NOW() - INTERVAL '7 minutes', '3f726b0b-d07f-49b1-9e0e-0efcd22a9d79', 'Patina'),
            ('f7a47e33-62b0-44a4-9e0d-5858e9f2b5c4', NOW() - INTERVAL '7 minutes', '0eebc720-4a83-4e2e-8d8d-0a0f6e58a8e2', 'Patina'),
            ('60132090-e94f-4b62-b741-d37a4b1f6637', NOW() - INTERVAL '7 minutes', '8da163c3-4fdf-4d51-a083-e380e68b574d', 'Patina'),
            ('567c0196-b662-4ed5-bf9d-f906f3e64a8c', NOW() - INTERVAL '7 minutes', '9ed1107e-d558-4427-9b2c-b2ec6b06ad5e', 'Patina'),
            ('1b06e85d-9a65-4e52-bf07-354d6c29006e', NOW() - INTERVAL '7 minutes', 'f4b72ac5-0d7d-45c5-b503-d1a7a3a25e12', 'Patina'),
            ('f1df3f7a-d48f-4379-bb38-b5a5727bcaf2', NOW() - INTERVAL '7 minutes', '68f7efac-1d5e-4725-84b5-c7e5b320b3c7', 'Patina'),
            ('325fe3a4-d4f0-4a4a-8980-38792b7223a7', NOW() - INTERVAL '7 minutes', '2bc83b24-d98c-4290-b4ea-9dbd9b1f509f', 'Patina'),
            ('7a8be9f4-6fe5-4e84-b079-9e9a8189574a', NOW() - INTERVAL '7 minutes', 'db358110-3382-45c0-92a0-4ab3db3f39fe', 'Patina'),
            ('66a49f68-e537-42a1-82ae-e82da229a7a2', NOW() - INTERVAL '7 minutes', 'a0ec2b98-71d0-4d8a-9222-c226e2a9a3e7', 'Patina'),
            ('497ef759-2e1d-4d3f-9797-01f7846b9cb7', NOW() - INTERVAL '7 minutes', 'e3d4ac8e-61d9-49a4-b016-63ed2ef6230c', 'Patina'),
            ('c8cc84f4-78e4-48ab-b3d2-18d340ab2e9f', NOW() - INTERVAL '7 minutes', '8a8c0387-d626-43bb-88cb-69c8ff5fc8f0', 'Patina'),
            ('9a74ab70-7e6c-4638-a957-2269c0bc4b84', NOW() - INTERVAL '7 minutes', '3ccfc689-d0a4-41fb-93e2-10e1aaf74b9d', 'Patina'),
            ('8a7a70a4-c35a-40b4-98b2-163ba496d3f9', NOW() - INTERVAL '7 minutes', '1d5c32bb-7173-45ca-b953-36c9fd77b0c4', 'Patina'),
            ('dc4d1a92-7894-462d-9232-450f0e7e5ff1', NOW() - INTERVAL '7 minutes', '2f91e432-5ca1-4e28-b3b1-510e8a7050e6', 'Patina'),
            ('f7c9e8d3-2c2c-4e38-b08d-6741d02d40b5', NOW() - INTERVAL '7 minutes', 'fc8b5ec3-f1ac-44f6-a370-c6d0532096a9', 'Patina'),
            ('e839b9a0-6ac2-49fd-b43d-e16ed15d9b7a', NOW() - INTERVAL '7 minutes', 'b80a8c4c-87ed-40f3-9d6b-982ab6d9b8cf', 'Patina'),
            ('5c2c327d-b16e-4d93-907d-f823b2850971', NOW() - INTERVAL '7 minutes', '95345f68-2b57-4f8d-9f9e-f8c6c8b2c944', 'Patina'),
            ('b6f73d44-405e-47ea-b39e-9dfed97d0b72', NOW() - INTERVAL '7 minutes', '3243659c-dab7-46d3-9d75-9075d4ef85a6', 'Patina'),
            ('340b1e62-50da-4865-bcdb-d5bce4066f59', NOW() - INTERVAL '7 minutes', '8e1c32cc-6a8e-463f-88d6-5b5193b6343c', 'Patina'),
            ('6b9f16ad-b9fc-4658-8e5a-3f7a8d682b58', NOW() - INTERVAL '7 minutes', '4d7070f1-b928-4934-9260-d9a1b9f8556b', 'Patina'),
            ('59e9d3d0-bc6c-48d1-85e1-bf10b30909e3', NOW() - INTERVAL '7 minutes', '581c0047-974d-4716-96d2-c981be1467db', 'Patina'),
            ('ef9bc7f8-74bc-416b-80c9-2b9b4db83663', NOW() - INTERVAL '7 minutes', 'cb3f6b06-524f-471f-b5b7-68b2fd3fd9cc', 'Patina'),
            ('8be1613c-3501-47b9-bf2b-621ce7b8e902', NOW() - INTERVAL '7 minutes', '9c21deef-6d84-484f-b09f-68e44a64c9b9', 'Patina'),
            ('b8c02a95-e450-47fc-bbc1-9f699f9bbdc0', NOW() - INTERVAL '7 minutes', '2f23fc63-6166-4a29-8581-e5b7ef6a9029', 'Patina'),
            ('0835e5bc-5e9d-488f-b5f0-24fd33a3c0b1', NOW() - INTERVAL '7 minutes', 'a0c65329-8d80-4882-9f1e-9c8042770931', 'Patina'),
            ('21bc4934-9f5e-4626-8f58-cf8f7305b64f', NOW() - INTERVAL '7 minutes', '3db72a8f-b0e7-438a-9d36-c78d84d522ec', 'Patina'),
            ('4f035e7b-08e4-4081-b742-62272b9edaf1', NOW() - INTERVAL '7 minutes', '684cf20e-145a-4906-b4b5-6a699b87f7cc', 'Patina'),
            ('f6f71f91-79f9-450b-a923-91c4e5099da3', NOW() - INTERVAL '7 minutes', '402604c1-7b2e-4b4b-84f3-0f3ff8c3be0e', 'Patina'),
            ('a63bde63-b0d9-4f0c-b72b-f960dbec1a02', NOW() - INTERVAL '7 minutes', 'e8f3ad6d-68db-4e4c-bb12-45fe8852cfd4', 'Patina'),
            ('dcb688ff-5992-4e58-a512-79b0b8792f7d', NOW() - INTERVAL '7 minutes', 'd970cc3f-3a21-431d-bd3e-91c270d4a3f2', 'Patina'),
            ('1c755264-101e-4799-b69f-f1e96807d984', NOW() - INTERVAL '7 minutes', '742d5c7d-4fe2-44c7-b36a-0f5a6e2efb79', 'Patina'),
            ('82e12a0a-2193-4297-97fe-c8be6788de2b', NOW() - INTERVAL '7 minutes', '5a953746-f635-4f72-98ed-ffcd5763225f', 'Patina'),
            ('8bb536ff-bad6-4e9c-bc2e-12f7e40e5fe5', NOW() - INTERVAL '7 minutes', 'b14e0204-7844-4b5a-9835-0fc47e81daae', 'Patina'),
            ('09c0f22f-577d-48c2-9804-9ea2d5efaf8f', NOW() - INTERVAL '7 minutes', '48ff67e1-9277-4a0e-9390-e16fd4c07c69', 'Patina'),
            ('c687c85c-b26c-47f2-92e0-6c8036b245d7', NOW() - INTERVAL '7 minutes', '6f6247e9-e7a7-4d2f-85a2-cbd58d57c3b9', 'Patina'),
            ('c0176f99-f79d-4a8e-8bb2-76a81be2eaaf', NOW() - INTERVAL '7 minutes', '347e2126-e0a7-421a-909f-8ae55f8120bc', 'Patina'),
            ('7bdf1d1e-bdff-4f82-89b5-3e2bc7999284', NOW() - INTERVAL '7 minutes', '11b4f387-d139-4be6-a7d0-2d72c7f58b75', 'Patina'),
            ('f9c6b25e-3188-4a8b-b170-b7e007ef5862', NOW() - INTERVAL '7 minutes', 'a2a2fc96-9252-4cc7-bb65-f5c7b99792b9', 'Patina'),
            ('32c26a5d-cb34-4655-b6ca-64f92ecedb71', NOW() - INTERVAL '7 minutes', '2f319509-e924-464b-83a9-dc1d4c8551bc', 'Patina'),
            ('b65d0e65-ea8f-47bc-aeab-636ef9987316', NOW() - INTERVAL '7 minutes', 'fbc395b5-d9e3-4b8d-9b7c-b1a3cb110d98', 'Patina'),
            ('ca24fcb1-93b9-4d23-b201-32bcb9db68f7', NOW() - INTERVAL '7 minutes', 'c03f6c6e-5d9a-42cc-aabb-f541ef7102ed', 'Patina'),
            ('928b3cfb-f95a-4607-b160-b42b378e2924', NOW() - INTERVAL '7 minutes', 'b307ffb5-52bb-4729-a948-75589bb2632c', 'Patina'),
            ('ed4f13b0-97bb-4177-9ef2-03d2b2904b4c', NOW() - INTERVAL '7 minutes', '34e9eabf-ecb2-4621-b83e-0fd9d8b5e2c1', 'Patina'),
            ('c7c5db68-5879-49ca-8616-74f4884be057', NOW() - INTERVAL '7 minutes', 'f10d8a32-567d-4177-a855-3b5a8c9e0f65', 'Patina'),
            ('99c37b94-6191-4193-b88f-d34c8cb45a8a', NOW() - INTERVAL '7 minutes', 'b3d4e02b-b36f-4714-ae28-204c21cfdb94', 'Patina'),
            ('56f2c8f5-bb29-456b-8d3f-d681e107e32e', NOW() - INTERVAL '7 minutes', '1d1c3c92-cd08-4b92-80b2-bcb0b34d71ea', 'Patina');
    END IF;

    IF NOT EXISTS (SELECT 1 FROM "Metadata" LIMIT 1) THEN
        INSERT INTO "Metadata"
            (id, "userId", "leaderboardId", "createdAt", "totalScore")
        VALUES
            ('1d9ec80a-5a30-4268-9430-2ab8d31b9573', 'e0b45c9a-9c8f-4a39-9373-39cf2a5f8055', '8fc363b2-b5be-4f1a-9e0e-ea4844fc919c', NOW() - INTERVAL '7 minutes', 6500),
            ('9e0e6d93-15a5-44e4-8e0c-57e7f48c7241', 'ed3bfe18-e42a-467f-b4fa-07e8da4d2555', '8fc363b2-b5be-4f1a-9e0e-ea4844fc919c', NOW() - INTERVAL '7 minutes', 1234),
            ('b2e5807b-4108-4cf0-a8d7-bd722af40cc6', '0c9b2e77-74cc-4b9e-b7f9-cfe0fd05e50b', '8fc363b2-b5be-4f1a-9e0e-ea4844fc919c', NOW() - INTERVAL '7 minutes', 7890),
            ('c5d6adf7-fdd6-48ed-bd90-d1586f937125', '1b9d88d8-5c6e-4c6b-9241-d02f6d57c26b', '8fc363b2-b5be-4f1a-9e0e-ea4844fc919c', NOW() - INTERVAL '7 minutes', 4321),
            ('7f14e4c0-f16f-4641-8e7b-8be92a5973f7', '53f8ffb0-d056-4670-8d90-b74b0fd7bb0f', '8fc363b2-b5be-4f1a-9e0e-ea4844fc919c', NOW() - INTERVAL '7 minutes', 8765),
            ('d41ad11e-c957-45c5-b351-2712448f7f1b', '7a2d74bb-daf8-48c3-bd11-53e9643b0b85', '8fc363b2-b5be-4f1a-9e0e-ea4844fc919c', NOW() - INTERVAL '7 minutes', 3001),
            ('08f86ac7-e2ac-4e47-8789-d64cc1d1c434', 'eea431f3-6398-4d98-b29b-9612b3b4208d', '8fc363b2-b5be-4f1a-9e0e-ea4844fc919c', NOW() - INTERVAL '7 minutes', 9200),
            ('b64936ff-7c0c-4c31-bb73-02f0099e63d3', '0801e510-f72c-450a-b6c7-5bdb0a92c9e5', '8fc363b2-b5be-4f1a-9e0e-ea4844fc919c', NOW() - INTERVAL '7 minutes', 5012),
            ('9811c99b-6231-4965-b410-b742c945c08f', 'dc31ba28-f1f8-4b8a-97b1-fb00cb46b84b', '8fc363b2-b5be-4f1a-9e0e-ea4844fc919c', NOW() - INTERVAL '7 minutes', 2345),
            ('9e6bc82b-f3d2-4330-bde9-9bcbcf717b2d', 'd9d01d3b-bf79-4ed7-8efb-e631f8c102b7', '8fc363b2-b5be-4f1a-9e0e-ea4844fc919c', NOW() - INTERVAL '7 minutes', 8764),
            ('fc3f6b93-e212-44c2-8332-647607c957db', 'f10fe0fe-f8be-46ab-9614-e2e42f99b798', '8fc363b2-b5be-4f1a-9e0e-ea4844fc919c', NOW() - INTERVAL '7 minutes', 6543),
            ('d1a5774e-1116-41b3-bfe5-597b3d51ecff', '9e9a7310-cb90-4c62-8f7c-1d2d8f7d3c93', '8fc363b2-b5be-4f1a-9e0e-ea4844fc919c', NOW() - INTERVAL '7 minutes', 5432),
            ('681d872f-466f-4110-ae0f-d1c63bc76751', 'c3f8b40a-bff3-4d1c-b36e-d09f58f12e3d', '8fc363b2-b5be-4f1a-9e0e-ea4844fc919c', NOW() - INTERVAL '7 minutes', 4324),
            ('45cc4f57-dc07-4574-bf06-b0f7cfb8b60b', '75d658dd-029f-43d4-8b30-b3812a2bff9f', '8fc363b2-b5be-4f1a-9e0e-ea4844fc919c', NOW() - INTERVAL '7 minutes', 7654),
            ('cf4c3c6f-d78e-4f6c-bfc6-cb1e7f7ac9e9', 'b9453a71-c3a0-48eb-89b7-b23e317b1b8f', '8fc363b2-b5be-4f1a-9e0e-ea4844fc919c', NOW() - INTERVAL '7 minutes', 9876),
            ('e9990a80-b7b4-4b76-a457-d57ed9c8b7eb', '60a87032-b09f-4e63-8a42-df2a02cc1e6b', '8fc363b2-b5be-4f1a-9e0e-ea4844fc919c', NOW() - INTERVAL '7 minutes', 123),
            ('f1b13c6a-d1bc-4627-9904-6a1d2e9b3248', 'ecf14960-b463-4737-bd9c-c87d394fc0e7', '8fc363b2-b5be-4f1a-9e0e-ea4844fc919c', NOW() - INTERVAL '7 minutes', 5678),
            ('d7e9298d-0f9e-44e1-a9b1-3a7f94de8ff1', '14e9c58d-c1ac-4791-bb63-0197e340cbf7', '8fc363b2-b5be-4f1a-9e0e-ea4844fc919c', NOW() - INTERVAL '7 minutes', 2346),
            ('b8d0d6fa-41a6-47f7-b0e7-1e2ef27e9e55', 'bbb1d9de-4c0e-40bb-8b5b-6a53d9392787', '8fc363b2-b5be-4f1a-9e0e-ea4844fc919c', NOW() - INTERVAL '7 minutes', 7899),
            ('8717ab9f-45c9-4967-9d75-df9205130b25', '3d17a7b0-7f71-49e3-bd88-3b5ffbe22a8f', '8fc363b2-b5be-4f1a-9e0e-ea4844fc919c', NOW() - INTERVAL '7 minutes', 3456),
            ('93ff8d52-cdd5-49e0-b178-8903030d6c94', '9f3b9111-ea9e-4a10-8a09-bf0636bc2184', '8fc363b2-b5be-4f1a-9e0e-ea4844fc919c', NOW() - INTERVAL '7 minutes', 8761),
            ('a850a87b-321f-4f29-8d51-4bbf28b43391', 'c8b3a86b-faff-4280-9125-925ef1111d69', '8fc363b2-b5be-4f1a-9e0e-ea4844fc919c', NOW() - INTERVAL '7 minutes', 9875),
            ('de28e4d5-968f-4631-9eb6-b3194b9a178f', 'f2cc9446-c29b-46c9-bbe7-cb51d1f722fc', '8fc363b2-b5be-4f1a-9e0e-ea4844fc919c', NOW() - INTERVAL '7 minutes', 345),
            ('bc697229-7a10-47bb-84e0-9bcff1e36fe2', '07c1f541-c707-4850-9b32-d06d348b1e1b', '8fc363b2-b5be-4f1a-9e0e-ea4844fc919c', NOW() - INTERVAL '7 minutes', 1111),
            ('5bb6f7e6-fb4a-493e-8d35-0b7252f647fc', 'ea028fe2-76ad-49b2-85ae-1eab7cc9e090', '8fc363b2-b5be-4f1a-9e0e-ea4844fc919c', NOW() - INTERVAL '7 minutes', 7777),
            ('db3e0335-476d-4759-8f0a-3a0b128f8c34', 'f1c90729-2394-47d4-98b6-b3d5738edec2', '8fc363b2-b5be-4f1a-9e0e-ea4844fc919c', NOW() - INTERVAL '7 minutes', 4327),
            ('7bb68212-4c99-4625-a831-14ef016ca37a', '659d3d21-c38d-4d36-bb5c-dfc64c2d5fe4', '8fc363b2-b5be-4f1a-9e0e-ea4844fc919c', NOW() - INTERVAL '7 minutes', 5555),
            ('57e15e28-9f77-4d92-ae7b-34b354b7b5ae', '61de2cf9-e04d-4a28-a7a5-497072a5b4ac', '8fc363b2-b5be-4f1a-9e0e-ea4844fc919c', NOW() - INTERVAL '7 minutes', 9999),
            ('1c7e763e-3a67-4062-b7bc-b477b95db56a', '8cc4a72b-7626-4872-9799-d9e5db30d6f3', '8fc363b2-b5be-4f1a-9e0e-ea4844fc919c', NOW() - INTERVAL '7 minutes', 8762),
            ('d6b3f3b1-0e69-4abf-800b-130aeed0c25f', 'e0b45c9a-9c8f-4a39-9373-39cf2a5f8055', '39bc2def-669f-4383-8ea3-7202efd613f2', NOW() - INTERVAL '7 minutes', 2135),
            ('1b5a54d7-bfcd-46c2-bd28-25a2a4c7d1ed', 'ed3bfe18-e42a-467f-b4fa-07e8da4d2555', '39bc2def-669f-4383-8ea3-7202efd613f2', NOW() - INTERVAL '7 minutes', 4924),
            ('f2ab51e7-2340-42c5-8187-800602a16923', '0c9b2e77-74cc-4b9e-b7f9-cfe0fd05e50b', '39bc2def-669f-4383-8ea3-7202efd613f2', NOW() - INTERVAL '7 minutes', 3762),
            ('eb91c871-f2a2-45b5-9097-bd599b000928', '1b9d88d8-5c6e-4c6b-9241-d02f6d57c26b', '39bc2def-669f-4383-8ea3-7202efd613f2', NOW() - INTERVAL '7 minutes', 1237),
            ('0dcb98d3-0d19-4298-8614-cf2d83b62255', '53f8ffb0-d056-4670-8d90-b74b0fd7bb0f', '39bc2def-669f-4383-8ea3-7202efd613f2', NOW() - INTERVAL '7 minutes', 6890),
            ('d83a75c5-c1ab-4630-b2b0-d8a1fcfe8019', '7a2d74bb-daf8-48c3-bd11-53e9643b0b85', '39bc2def-669f-4383-8ea3-7202efd613f2', NOW() - INTERVAL '7 minutes', 2383),
            ('7f499a9f-650f-46b1-bdf3-feb6c7958795', 'eea431f3-6398-4d98-b29b-9612b3b4208d', '39bc2def-669f-4383-8ea3-7202efd613f2', NOW() - INTERVAL '7 minutes', 5021),
            ('bc674b52-0304-4d9b-9a4d-760da7cb9ae5', '0801e510-f72c-450a-b6c7-5bdb0a92c9e5', '39bc2def-669f-4383-8ea3-7202efd613f2', NOW() - INTERVAL '7 minutes', 1486),
            ('98940711-41fd-417d-a051-6bcbf1c8b272', 'dc31ba28-f1f8-4b8a-97b1-fb00cb46b84b', '39bc2def-669f-4383-8ea3-7202efd613f2', NOW() - INTERVAL '7 minutes', 5351),
            ('255df2f7-c19e-4930-9220-017ff169f302', 'd9d01d3b-bf79-4ed7-8efb-e631f8c102b7', '39bc2def-669f-4383-8ea3-7202efd613f2', NOW() - INTERVAL '7 minutes', 2486),
            ('73d602ba-b98e-4760-b1b3-1f9be03a83c3', 'f10fe0fe-f8be-46ab-9614-e2e42f99b798', '39bc2def-669f-4383-8ea3-7202efd613f2', NOW() - INTERVAL '7 minutes', 7240),
            ('d1a2ea76-3024-43b9-8d97-c28c31bce3b9', '9e9a7310-cb90-4c62-8f7c-1d2d8f7d3c93', '39bc2def-669f-4383-8ea3-7202efd613f2', NOW() - INTERVAL '7 minutes', 5281),
            ('6a39534d-2f27-47d4-a5bb-7463b5ff3b6f', 'c3f8b40a-bff3-4d1c-b36e-d09f58f12e3d', '39bc2def-669f-4383-8ea3-7202efd613f2', NOW() - INTERVAL '7 minutes', 8332),
            ('ca11ad9c-b179-4d0e-bb67-4d7a79f9fa77', '75d658dd-029f-43d4-8b30-b3812a2bff9f', '39bc2def-669f-4383-8ea3-7202efd613f2', NOW() - INTERVAL '7 minutes', 3962),
            ('f3d6bada-62a7-46c7-9f9d-32b94b6493d0', 'b9453a71-c3a0-48eb-89b7-b23e317b1b8f', '39bc2def-669f-4383-8ea3-7202efd613f2', NOW() - INTERVAL '7 minutes', 5729),
            ('93bdb939-6bbf-472d-8fe3-80b795dd60c2', '60a87032-b09f-4e63-8a42-df2a02cc1e6b', '39bc2def-669f-4383-8ea3-7202efd613f2', NOW() - INTERVAL '7 minutes', 6480),
            ('0b268d31-bc50-4e63-a9a7-b7e0f64b8120', 'ecf14960-b463-4737-bd9c-c87d394fc0e7', '39bc2def-669f-4383-8ea3-7202efd613f2', NOW() - INTERVAL '7 minutes', 1186),
            ('f74d19a3-2d98-4280-95bc-bf62d4cc5b3c', '14e9c58d-c1ac-4791-bb63-0197e340cbf7', '39bc2def-669f-4383-8ea3-7202efd613f2', NOW() - INTERVAL '7 minutes', 7222),
            ('7bbd4f9b-7c73-47d1-bd1e-56fe63c728ab', 'bbb1d9de-4c0e-40bb-8b5b-6a53d9392787', '39bc2def-669f-4383-8ea3-7202efd613f2', NOW() - INTERVAL '7 minutes', 5199),
            ('4d07fcba-c80c-4d50-95a6-d1aafc5c1f77', '3d17a7b0-7f71-49e3-bd88-3b5ffbe22a8f', '39bc2def-669f-4383-8ea3-7202efd613f2', NOW() - INTERVAL '7 minutes', 4703),
            ('b207e29a-e46d-4d30-a7bb-bb89f89bffb5', '9f3b9111-ea9e-4a10-8a09-bf0636bc2184', '39bc2def-669f-4383-8ea3-7202efd613f2', NOW() - INTERVAL '7 minutes', 2597),
            ('5aaf22a5-1a10-47b4-b560-2d1424e91836', 'c8b3a86b-faff-4280-9125-925ef1111d69', '39bc2def-669f-4383-8ea3-7202efd613f2', NOW() - INTERVAL '7 minutes', 9236),
            ('67813d30-93e2-4cd4-a85f-b5cddfa60b3e', 'f2cc9446-c29b-46c9-bbe7-cb51d1f722fc', '39bc2def-669f-4383-8ea3-7202efd613f2', NOW() - INTERVAL '7 minutes', 3042),
            ('f72ff888-d4a3-4c78-9a22-b1d2b5d14f5f', '07c1f541-c707-4850-9b32-d06d348b1e1b', '39bc2def-669f-4383-8ea3-7202efd613f2', NOW() - INTERVAL '7 minutes', 5524),
            ('e0c85b92-60a4-4721-a6f4-0d73822a65ca', 'ea028fe2-76ad-49b2-85ae-1eab7cc9e090', '39bc2def-669f-4383-8ea3-7202efd613f2', NOW() - INTERVAL '7 minutes', 1235),
            ('4f4ed9c5-ef89-4967-88a2-b999fd2bdf6b', 'f1c90729-2394-47d4-98b6-b3d5738edec2', '39bc2def-669f-4383-8ea3-7202efd613f2', NOW() - INTERVAL '7 minutes', 6128),
            ('3627cf7e-fb94-4dcb-91e1-cf27bcd5056b', '659d3d21-c38d-4d36-bb5c-dfc64c2d5fe4', '39bc2def-669f-4383-8ea3-7202efd613f2', NOW() - INTERVAL '7 minutes', 4107),
            ('8a80b3b3-d77c-48c0-98bc-ef1f1b7057ea', '61de2cf9-e04d-4a28-a7a5-497072a5b4ac', '39bc2def-669f-4383-8ea3-7202efd613f2', NOW() - INTERVAL '7 minutes', 5738),
            ('9b5ec0ad-dc76-4b78-bd5f-80f4e139c34d', '8cc4a72b-7626-4872-9799-d9e5db30d6f3', '39bc2def-669f-4383-8ea3-7202efd613f2', NOW() - INTERVAL '7 minutes', 3583),
            ('ff5a6f13-73b0-429b-8f5f-c9e491915d45', '59317d3b-5b6a-41ff-b4d8-18cb83f0a957', '39bc2def-669f-4383-8ea3-7202efd613f2', NOW() - INTERVAL '7 minutes', 6709),
            ('67d99a94-926d-4649-a9b7-dc99a3ffed84', '6a482084-b38d-47cc-a013-c0f51d0f65a1', '39bc2def-669f-4383-8ea3-7202efd613f2', NOW() - INTERVAL '7 minutes', 4630),
            ('a14d9b3f-813b-4f1d-beb5-e53992c3c7fa', 'b6f58d0d-b2b4-40c1-81a9-bb8f8884f35d', '39bc2def-669f-4383-8ea3-7202efd613f2', NOW() - INTERVAL '7 minutes', 3857),
            ('56bfb090-c178-4e1c-9f68-e6cb7d773649', '913c746d-b56d-4e1c-84f7-4508f8ed9933', '39bc2def-669f-4383-8ea3-7202efd613f2', NOW() - INTERVAL '7 minutes', 9184),
            ('9a81a2a1-627f-4b31-bb7f-d5705e400742', '2b217c1b-30ae-47e3-bf1b-8d7f925607e9', '39bc2def-669f-4383-8ea3-7202efd613f2', NOW() - INTERVAL '7 minutes', 5299),
            ('c433f79c-c8c9-46ab-90fc-908a003e57e9', 'a5c6b254-2b0e-4a7f-b490-826351e531c9', '39bc2def-669f-4383-8ea3-7202efd613f2', NOW() - INTERVAL '7 minutes', 8394),
            ('ab54c11a-b08a-4f61-9c63-3c42da611621', 'fbc4e8b5-bec9-46e9-9db9-ec8d35e8838e', '39bc2def-669f-4383-8ea3-7202efd613f2', NOW() - INTERVAL '7 minutes', 7034),
            ('3c645b37-bb10-44b6-bec9-217fd7595b47', '4c5b86a3-4108-4d92-91a6-bad8bc96b376', '39bc2def-669f-4383-8ea3-7202efd613f2', NOW() - INTERVAL '7 minutes', 8234),
            ('ec2897e9-b407-4a77-9ba7-6e2f9e09c96b', '39412388-3b4d-47db-97b2-8ec826f34b50', '39bc2def-669f-4383-8ea3-7202efd613f2', NOW() - INTERVAL '7 minutes', 6171),
            ('e98f943d-5702-479f-b64d-7262c93126b4', 'd8f6ecf0-cb98-43d6-bb87-8d0d9b709f50', '39bc2def-669f-4383-8ea3-7202efd613f2', NOW() - INTERVAL '7 minutes', 9064),
            ('f897f4c8-c91e-4d58-b7d8-c00de7d19a02', 'e8c65f44-3839-45ed-a032-7221cb8d14fe', '39bc2def-669f-4383-8ea3-7202efd613f2', NOW() - INTERVAL '7 minutes', 8015),
            ('e5e3cbcb-94f3-4d39-b0bb-4fe297b58f93', 'af6b8f7c-0f70-4787-94b9-7d52b7f64a60', '39bc2def-669f-4383-8ea3-7202efd613f2', NOW() - INTERVAL '7 minutes', 5126),
            ('42be1ac9-6de8-4179-a9f4-86f8bead2c80', '51592f3b-f26b-4ff1-bd0f-4e579b5a9882', '39bc2def-669f-4383-8ea3-7202efd613f2', NOW() - INTERVAL '7 minutes', 4891),
            ('a7f9d9a1-7e7c-4e30-9e6e-fdc810b9f264', 'c4a90a22-d6ae-48e5-9334-c83fc0537fd3', '39bc2def-669f-4383-8ea3-7202efd613f2', NOW() - INTERVAL '7 minutes', 1532),
            ('bd3d5c4a-73f7-4459-b5f1-0be5a0a88b7b', '1b843041-f67e-4239-8256-b5d94f6e5b4c', '39bc2def-669f-4383-8ea3-7202efd613f2', NOW() - INTERVAL '7 minutes', 4925),
            ('ed34f86f-bd56-45a7-b67b-c0560323c1ea', 'a220459b-60db-4788-912f-4a66b022b75c', '39bc2def-669f-4383-8ea3-7202efd613f2', NOW() - INTERVAL '7 minutes', 2746),
            ('3f2d5ac9-7170-48b5-9375-dad015c7ec7e', '212d3a17-d47d-4729-9225-2ef20733c524', '39bc2def-669f-4383-8ea3-7202efd613f2', NOW() - INTERVAL '7 minutes', 3892),
            ('5fb2297e-0648-4069-b1d6-0b519b94ea56', '1cf0f9fc-42d9-42f2-8d97-6d06a88e63f5', '39bc2def-669f-4383-8ea3-7202efd613f2', NOW() - INTERVAL '7 minutes', 3158),
            ('be8c73ca-3d3f-42fe-bcd4-74c1fe04b238', '572d7578-8978-47cc-95d7-bc5a82412175', '39bc2def-669f-4383-8ea3-7202efd613f2', NOW() - INTERVAL '7 minutes', 4536),
            ('6a93f4e4-94ea-4c66-b19b-3c1e93cf84ad', '3f726b0b-d07f-49b1-9e0e-0efcd22a9d79', '39bc2def-669f-4383-8ea3-7202efd613f2', NOW() - INTERVAL '7 minutes', 2681),
            ('572fb01c-672e-4a45-9b06-d35616902c72', '0eebc720-4a83-4e2e-8d8d-0a0f6e58a8e2', '39bc2def-669f-4383-8ea3-7202efd613f2', NOW() - INTERVAL '7 minutes', 2217),
            ('8e49888f-7124-4e61-b956-0c0d5a41b6d7', 'b7f5ed6e-3c93-4c1a-8032-1655b3a818f5', '39bc2def-669f-4383-8ea3-7202efd613f2', NOW() - INTERVAL '7 minutes', 3513),
            ('2547843e-50fc-42e9-8c88-9e9e6f320e44', '8da163c3-4fdf-4d51-a083-e380e68b574d', '39bc2def-669f-4383-8ea3-7202efd613f2', NOW() - INTERVAL '7 minutes', 4159),
            ('0ed7c7b0-9fe4-486e-b46d-75d6b6f8e5d9', '9ed1107e-d558-4427-9b2c-b2ec6b06ad5e', '39bc2def-669f-4383-8ea3-7202efd613f2', NOW() - INTERVAL '7 minutes', 2570),
            ('b5404b4c-1979-48e2-a5d0-4cdd313c3ae3', 'f4b72ac5-0d7d-45c5-b503-d1a7a3a25e12', '39bc2def-669f-4383-8ea3-7202efd613f2', NOW() - INTERVAL '7 minutes', 1243),
            ('43fcad5d-18cf-409b-81bb-9cd0c70f44ad', '68f7efac-1d5e-4725-84b5-c7e5b320b3c7', '39bc2def-669f-4383-8ea3-7202efd613f2', NOW() - INTERVAL '7 minutes', 6318),
            ('a3e465b1-23b0-4c85-b6f3-2687f1ab8756', '2bc83b24-d98c-4290-b4ea-9dbd9b1f509f', '39bc2def-669f-4383-8ea3-7202efd613f2', NOW() - INTERVAL '7 minutes', 4005),
            ('0b1d9a62-616b-40bc-a63f-bcb5f4e93b1a', 'db358110-3382-45c0-92a0-4ab3db3f39fe', '39bc2def-669f-4383-8ea3-7202efd613f2', NOW() - INTERVAL '7 minutes', 1523),
            ('7b9d89d8-b3de-4560-bf4d-49b5c6267589', 'b6c60da5-f61f-49c1-8b3c-41034e08a730', '39bc2def-669f-4383-8ea3-7202efd613f2', NOW() - INTERVAL '7 minutes', 5968),
            ('39f334e2-34a7-4f58-96c1-d2a438b0f10d', '96c6fa72-e5c2-433d-9d95-c21a9207f312', '39bc2def-669f-4383-8ea3-7202efd613f2', NOW() - INTERVAL '7 minutes', 5816),
            ('70b64e92-1cc0-4138-b0b6-e6b3ef19b2d3', '75dca5db-19bb-4f99-a561-3f3e3a56e0b6', '39bc2def-669f-4383-8ea3-7202efd613f2', NOW() - INTERVAL '7 minutes', 2057),
            ('d7d9b51e-d1e5-45ba-a2b1-48aeb73d0f90', 'a0ec2b98-71d0-4d8a-9222-c226e2a9a3e7', '39bc2def-669f-4383-8ea3-7202efd613f2', NOW() - INTERVAL '7 minutes', 4801),
            ('681eb272-8776-4501-bb94-6877b31e60f1', 'e3d4ac8e-61d9-49a4-b016-63ed2ef6230c', '39bc2def-669f-4383-8ea3-7202efd613f2', NOW() - INTERVAL '7 minutes', 7231),
            ('3170038b-383b-4a82-b17e-0bde9d7461c1', '8a8c0387-d626-43bb-88cb-69c8ff5fc8f0', '39bc2def-669f-4383-8ea3-7202efd613f2', NOW() - INTERVAL '7 minutes', 6249),
            ('b8a8c0c5-d63b-482d-b5be-5600359277c4', '3ccfc689-d0a4-41fb-93e2-10e1aaf74b9d', '39bc2def-669f-4383-8ea3-7202efd613f2', NOW() - INTERVAL '7 minutes', 1629),
            ('25e76b04-5d28-4c7d-8e7e-d6f08b62e1ed', '43202bba-682b-4bb4-b426-f334d59fc506', '39bc2def-669f-4383-8ea3-7202efd613f2', NOW() - INTERVAL '7 minutes', 5698),
            ('5418c3db-c6e9-463a-9ee2-bd827779b5e1', '1d5c32bb-7173-45ca-b953-36c9fd77b0c4', '39bc2def-669f-4383-8ea3-7202efd613f2', NOW() - INTERVAL '7 minutes', 3902),
            ('d7d08656-8a66-43c3-a7a2-d679d6f62697', '2f91e432-5ca1-4e28-b3b1-510e8a7050e6', '39bc2def-669f-4383-8ea3-7202efd613f2', NOW() - INTERVAL '7 minutes', 4420),
            ('8c9d563d-8b9e-45a1-a773-1c2c4569c234', 'fc8b5ec3-f1ac-44f6-a370-c6d0532096a9', '39bc2def-669f-4383-8ea3-7202efd613f2', NOW() - INTERVAL '7 minutes', 2174),
            ('35e435b1-c68e-452a-bbbd-710ff2958460', 'b80a8c4c-87ed-40f3-9d6b-982ab6d9b8cf', '39bc2def-669f-4383-8ea3-7202efd613f2', NOW() - INTERVAL '7 minutes', 3816),
            ('7fe2a17d-e029-4f06-8f76-e4d1f957bbcb', '95345f68-2b57-4f8d-9f9e-f8c6c8b2c944', '39bc2def-669f-4383-8ea3-7202efd613f2', NOW() - INTERVAL '7 minutes', 3587),
            ('f63a3d3f-944d-417a-91db-9a35f3992b56', '3243659c-dab7-46d3-9d75-9075d4ef85a6', '39bc2def-669f-4383-8ea3-7202efd613f2', NOW() - INTERVAL '7 minutes', 5232),
            ('1fbb87de-cb62-4b85-b9f8-075aa3404d89', '8e1c32cc-6a8e-463f-88d6-5b5193b6343c', '39bc2def-669f-4383-8ea3-7202efd613f2', NOW() - INTERVAL '7 minutes', 1674),
            ('211a3e61-2f7c-40bc-98f9-c99ac290ea2e', '4d7070f1-b928-4934-9260-d9a1b9f8556b', '39bc2def-669f-4383-8ea3-7202efd613f2', NOW() - INTERVAL '7 minutes', 2951),
            ('72d1d7e9-0519-44e6-8cd6-c7ca57411e90', 'ba5c20bb-7868-4938-8ca5-0d12694dbb52', '39bc2def-669f-4383-8ea3-7202efd613f2', NOW() - INTERVAL '7 minutes', 5267),
            ('83e9a062-35bc-48e6-b2db-2cc56f9fc9b1', '581c0047-974d-4716-96d2-c981be1467db', '39bc2def-669f-4383-8ea3-7202efd613f2', NOW() - INTERVAL '7 minutes', 4014),
            ('8c318703-fadd-4721-b1f0-3b6ac6a3d40f', 'cb3f6b06-524f-471f-b5b7-68b2fd3fd9cc', '39bc2def-669f-4383-8ea3-7202efd613f2', NOW() - INTERVAL '7 minutes', 3308),
            ('e69e2a97-b34d-46f8-9de4-06c40d40561b', '9c21deef-6d84-484f-b09f-68e44a64c9b9', '39bc2def-669f-4383-8ea3-7202efd613f2', NOW() - INTERVAL '7 minutes', 2064),
            ('81d156b3-77b5-47cd-b68e-d10eab8e4e50', '2f23fc63-6166-4a29-8581-e5b7ef6a9029', '39bc2def-669f-4383-8ea3-7202efd613f2', NOW() - INTERVAL '7 minutes', 3107),
            ('228eeb45-bb99-423a-8b36-c98e501d44e2', 'a0c65329-8d80-4882-9f1e-9c8042770931', '39bc2def-669f-4383-8ea3-7202efd613f2', NOW() - INTERVAL '7 minutes', 1356),
            ('d8c312fc-8285-4677-97c9-c6a7c6fc15b7', '3db72a8f-b0e7-438a-9d36-c78d84d522ec', '39bc2def-669f-4383-8ea3-7202efd613f2', NOW() - INTERVAL '7 minutes', 2642),
            ('a987aa0d-9f69-4b7e-b1be-60261e5033fa', '684cf20e-145a-4906-b4b5-6a699b87f7cc', '39bc2def-669f-4383-8ea3-7202efd613f2', NOW() - INTERVAL '7 minutes', 4934),
            ('84c5c24d-e8d6-4881-bb3f-7a3e80002b10', '402604c1-7b2e-4b4b-84f3-0f3ff8c3be0e', '39bc2def-669f-4383-8ea3-7202efd613f2', NOW() - INTERVAL '7 minutes', 2402),
            ('8f3c674e-81e3-45ab-b1eb-59b62c24f0a2', '0295c9b9-f9e3-485f-9136-35be89ea3f6a', '39bc2def-669f-4383-8ea3-7202efd613f2', NOW() - INTERVAL '7 minutes', 3586),
            ('9a3c0720-3fd2-4336-b90c-79a2d34638de', 'e8f3ad6d-68db-4e4c-bb12-45fe8852cfd4', '39bc2def-669f-4383-8ea3-7202efd613f2', NOW() - INTERVAL '7 minutes', 2154),
            ('4eb98758-b89d-4ac3-95a0-4c4db081cbb9', 'd970cc3f-3a21-431d-bd3e-91c270d4a3f2', '39bc2def-669f-4383-8ea3-7202efd613f2', NOW() - INTERVAL '7 minutes', 1299),
            ('e810e5b4-315b-48b5-b1fa-94db9a45a89a', '742d5c7d-4fe2-44c7-b36a-0f5a6e2efb79', '39bc2def-669f-4383-8ea3-7202efd613f2', NOW() - INTERVAL '7 minutes', 3457),
            ('ecb8ba0a-5d80-43c4-842b-8c7c51b87101', '5a953746-f635-4f72-98ed-ffcd5763225f', '39bc2def-669f-4383-8ea3-7202efd613f2', NOW() - INTERVAL '7 minutes', 4926),
            ('a74f6c44-739f-4f9f-ae74-0dca27a6f09b', 'b14e0204-7844-4b5a-9835-0fc47e81daae', '39bc2def-669f-4383-8ea3-7202efd613f2', NOW() - INTERVAL '7 minutes', 2492),
            ('51f8a90a-52b1-4fa4-b1e3-27e80480143d', '48ff67e1-9277-4a0e-9390-e16fd4c07c69', '39bc2def-669f-4383-8ea3-7202efd613f2', NOW() - INTERVAL '7 minutes', 3797),
            ('c392ea4e-b6c0-4fe3-b177-17457459b49d', '6f6247e9-e7a7-4d2f-85a2-cbd58d57c3b9', '39bc2def-669f-4383-8ea3-7202efd613f2', NOW() - INTERVAL '7 minutes', 4674),
            ('ac85d5e7-f167-453d-8431-f31463a3388b', '347e2126-e0a7-421a-909f-8ae55f8120bc', '39bc2def-669f-4383-8ea3-7202efd613f2', NOW() - INTERVAL '7 minutes', 5602),
            ('742b8500-38fe-46ed-b1d5-3195b174d57d', '61e2d708-b2be-4f7f-b0cf-717afccf8b5e', '39bc2def-669f-4383-8ea3-7202efd613f2', NOW() - INTERVAL '7 minutes', 4711),
            ('1c99bc8d-2e3c-4a2e-b87c-07b155c825a4', '11b4f387-d139-4be6-a7d0-2d72c7f58b75', '39bc2def-669f-4383-8ea3-7202efd613f2', NOW() - INTERVAL '7 minutes', 3489),
            ('db62e242-51b7-4ca1-a99e-7106025e346d', 'e53b35b8-9ea9-4339-a8b4-d94b40b33819', '39bc2def-669f-4383-8ea3-7202efd613f2', NOW() - INTERVAL '7 minutes', 2748),
            ('e190b6b0-7da0-48c7-a3be-0a0408b08bc5', 'a2a2fc96-9252-4cc7-bb65-f5c7b99792b9', '39bc2def-669f-4383-8ea3-7202efd613f2', NOW() - INTERVAL '7 minutes', 1327),
            ('c899f62a-0707-45db-bbd9-dae50eb3f179', '2f319509-e924-464b-83a9-dc1d4c8551bc', '39bc2def-669f-4383-8ea3-7202efd613f2', NOW() - INTERVAL '7 minutes', 2570),
            ('ec8a7c6f-c276-43b5-b441-2bc4c0bc3601', 'fbc395b5-d9e3-4b8d-9b7c-b1a3cb110d98', '39bc2def-669f-4383-8ea3-7202efd613f2', NOW() - INTERVAL '7 minutes', 5680),
            ('da6cd9a3-b140-4b96-a833-0a0f12e7b625', 'c03f6c6e-5d9a-42cc-aabb-f541ef7102ed', '39bc2def-669f-4383-8ea3-7202efd613f2', NOW() - INTERVAL '7 minutes', 3987),
            ('6c038f1f-763b-4f06-84be-91d48bb631f9', '9487e6f5-5f59-47c0-b20d-cd9fe68f37d4', '39bc2def-669f-4383-8ea3-7202efd613f2', NOW() - INTERVAL '7 minutes', 2461),
            ('70691161-78a4-47f4-b6fd-9f287bfa0c85', 'b307ffb5-52bb-4729-a948-75589bb2632c', '39bc2def-669f-4383-8ea3-7202efd613f2', NOW() - INTERVAL '7 minutes', 5009),
            ('bb99c204-5f8f-4e57-bd7b-2a1e3a9ad2f7', '34e9eabf-ecb2-4621-b83e-0fd9d8b5e2c1', '39bc2def-669f-4383-8ea3-7202efd613f2', NOW() - INTERVAL '7 minutes', 3894),
            ('2c8d062f-4216-4d82-b935-2ca3628a8c97', 'f10d8a32-567d-4177-a855-3b5a8c9e0f65', '39bc2def-669f-4383-8ea3-7202efd613f2', NOW() - INTERVAL '7 minutes', 3022),
            ('22b21528-ded6-4d3e-a10d-3990b96e35d3', 'b3d4e02b-b36f-4714-ae28-204c21cfdb94', '39bc2def-669f-4383-8ea3-7202efd613f2', NOW() - INTERVAL '7 minutes', 4273),
            ('3d0bb6c5-b29c-45a5-a9c9-e11e7d6271bb', '1d1c3c92-cd08-4b92-80b2-bcb0b34d71ea', '39bc2def-669f-4383-8ea3-7202efd613f2', NOW() - INTERVAL '7 minutes', 1803),
            ('00a39b6b-22c4-4577-9cae-93576009c731', '72f18b32-9825-4522-bb39-54873b68199f', '39bc2def-669f-4383-8ea3-7202efd613f2', NOW() - INTERVAL '7 minutes', 2351);
    END IF;
END $$
